{"payload":{"installed_packages":["absl-py==2.1.0","anyio==4.2.0","argon2-cffi==21.3.0","argon2-cffi-bindings==21.2.0","asttokens==2.0.5","async-lru==2.0.4","attrs==23.1.0","autocommand==2.2.2","babel==2.11.0","backports.tarfile==1.2.0","beautifulsoup4==4.12.3","bleach==4.1.0","blinker==1.6.2","brotli==1.0.9","certifi==2024.8.30","cffi==1.17.1","charset-normalizer==3.3.2","click==8.1.7","colorama==0.4.6","coloredlogs==15.0.1","comet-ml==3.47.1","comm==0.2.1","configobj==5.0.9","contourpy==1.3.0","cycler==0.12.1","debugpy==1.6.7","decorator==5.1.1","defusedxml==0.7.1","dulwich==0.22.3","everett==3.1.0","executing==0.8.3","fastjsonschema==2.16.2","filelock==3.16.1","flask==3.0.3","flatbuffers==24.3.25","fonttools==4.54.1","fsspec==2024.9.0","gitdb==4.0.11","gitpython==3.1.43","grpcio==1.67.1","h11==0.14.0","httpcore==1.0.2","httpx==0.27.0","humanfriendly==10.0","idna==3.7","importlib_metadata==8.0.0","importlib_resources==6.4.0","inflect==7.3.1","ipykernel==6.28.0","ipython==8.27.0","itsdangerous==2.2.0","jaraco.collections==5.1.0","jaraco.context==5.3.0","jaraco.functools==4.0.1","jaraco.text==3.12.1","jedi==0.19.1","jinja2==3.1.4","json5==0.9.6","jsonschema==4.19.2","jsonschema-specifications==2023.7.1","jupyter-events==0.10.0","jupyter-lsp==2.2.0","jupyter_client==8.6.0","jupyter_core==5.7.2","jupyter_server==2.14.1","jupyter_server_terminals==0.4.4","jupyterlab==4.2.5","jupyterlab-pygments==0.1.2","jupyterlab_server==2.27.3","kiwisolver==1.4.7","markdown==3.7","markdown-it-py==3.0.0","markupsafe==2.1.3","matplotlib==3.9.2","matplotlib-inline==0.1.6","mdurl==0.1.2","mistune==2.0.4","mkl-service==2.4.0","mkl_fft==1.3.10","mkl_random==1.2.7","more-itertools==10.3.0","mpmath==1.3.0","nbclient==0.8.0","nbconvert==7.10.0","nbformat==5.9.2","nest-asyncio==1.6.0","networkx==3.3","notebook_shim==0.2.3","numpy==1.26.4","onnx==1.16.2","onnxruntime==1.19.2","onnxslim==0.1.34","opencv-python==4.10.0","opencv-python-headless==4.10.0","overrides==7.4.0","packaging==24.1","packaging==24.1","pandas==2.2.3","pandocfilters==1.5.0","parso==0.8.3","pillow==10.4.0","pip==24.2","platformdirs==3.10.0","platformdirs==4.2.2","prometheus-client==0.14.1","prompt-toolkit==3.0.43","protobuf==5.28.2","psutil==5.9.0","pure-eval==0.2.2","py-cpuinfo==9.0.0","pycocotools==2.0.8","pycparser==2.21","pygments==2.15.1","pyparsing==3.1.4","pyreadline3==3.5.4","pyserial==3.5","pysocks==1.7.1","python-box==6.1.0","python-dateutil==2.9.0.post0","python-json-logger==2.0.7","pytz==2024.1","pywin32==305.1","pywinpty==2.0.10","pyyaml==6.0.1","pyzmq==25.1.2","referencing==0.30.2","requests==2.32.3","requests-toolbelt==1.0.0","rfc3339-validator==0.1.4","rfc3986-validator==0.1.1","rich==13.9.3","rpds-py==0.10.6","scipy==1.14.1","seaborn==0.13.2","semantic-version==2.10.0","send2trash==1.8.2","sentry-sdk==2.17.0","setuptools==75.1.0","simplejson==3.19.3","six==1.16.0","smmap==5.0.1","sniffio==1.3.0","soupsieve==2.5","stack-data==0.2.0","sympy==1.13.3","tensorboard==2.18.0","tensorboard-data-server==0.7.2","terminado==0.17.1","thop==0.1.1-2209072238","tinycss2==1.2.1","tomli==2.0.1","torch==2.4.1","torchvision==0.19.1","tornado==6.4.1","tqdm==4.66.5","traitlets==5.14.3","typeguard==4.3.0","typing_extensions==4.11.0","typing_extensions==4.12.2","tzdata==2024.2","ultralytics==8.2.101","ultralytics-thop==2.0.8","urllib3==2.2.2","utils==1.0.2","wcwidth==0.2.5","webencodings==0.5.1","websocket-client==1.8.0","werkzeug==3.0.3","wheel==0.43.0","wheel==0.44.0","win-inet-pton==1.1.0","wrapt==1.16.0","wurlitzer==3.1.1","zipp==3.19.2"],"message_id":1},"type":"installed_packages"}
{"payload":{"command":["train.py","--img","640","--batch","16","--epochs","3","--data","coco_sportsball.yaml","--weights","yolov5s.pt"],"env":null,"hostname":"jiayun","ip":"192.168.1.104","machine":"AMD64","message_id":2,"os":"Windows-11-10.0.22631-SP0","os_release":"11","os_type":"Windows","pid":27448,"processor":"Intel64 Family 6 Model 170 Stepping 4, GenuineIntel","python_exe":"C:\\Users\\lijia\\anaconda3\\envs\\opencv\\python.exe","python_version":"3.12.5","python_version_verbose":"3.12.5 | packaged by Anaconda, Inc. | (main, Sep 12 2024, 18:18:29) [MSC v.1929 64 bit (AMD64)]","user":"lijia"},"type":"system_details"}
{"payload":{"gpu_static_info":[{"gpu_index":0,"name":"NVIDIA GeForce RTX 4060 Laptop GPU","power_limit":100000,"total_memory":8585740288,"uuid":"GPU-afda3da7-b147-7469-77ba-5287d63c530c"}],"message_id":3},"type":"gpu_static_info"}
{"payload":{"local_timestamp":1730454863016,"message_id":4,"metric":{"epoch":null,"metricName":"sys.gpu.0.total_memory","metricValue":8585740288,"step":null}},"type":"metric_msg"}
{"payload":{"local_timestamp":1730454863017,"message_id":5,"param":{"paramName":"img","paramValue":640,"source":"cli","step":null}},"type":"parameter_msg"}
{"payload":{"local_timestamp":1730454863017,"message_id":6,"param":{"paramName":"batch","paramValue":16,"source":"cli","step":null}},"type":"parameter_msg"}
{"payload":{"local_timestamp":1730454863017,"message_id":7,"param":{"paramName":"epochs","paramValue":3,"source":"cli","step":null}},"type":"parameter_msg"}
{"payload":{"local_timestamp":1730454863017,"message_id":8,"param":{"paramName":"data","paramValue":"coco_sportsball.yaml","source":"cli","step":null}},"type":"parameter_msg"}
{"payload":{"local_timestamp":1730454863017,"message_id":9,"param":{"paramName":"weights","paramValue":"yolov5s.pt","source":"cli","step":null}},"type":"parameter_msg"}
{"payload":{"key":"offline_experiment","message_id":10,"value":true},"type":"log_other"}
{"payload":{"key":"Name","message_id":11,"value":"exp"},"type":"log_other"}
{"payload":{"local_timestamp":1730454863025,"message_id":12,"metric":{"epoch":null,"metricName":"sys.gpu.0.gpu_utilization","metricValue":0,"step":null}},"type":"metric_msg"}
{"payload":{"local_timestamp":1730454863025,"message_id":13,"metric":{"epoch":null,"metricName":"sys.gpu.0.power_usage","metricValue":5268,"step":null}},"type":"metric_msg"}
{"payload":{"local_timestamp":1730454863025,"message_id":14,"metric":{"epoch":null,"metricName":"sys.gpu.0.temperature","metricValue":45,"step":null}},"type":"metric_msg"}
{"payload":{"local_timestamp":1730454863025,"message_id":15,"metric":{"epoch":null,"metricName":"sys.gpu.0.memory_utilization","metricValue":25,"step":null}},"type":"metric_msg"}
{"payload":{"local_timestamp":1730454863025,"message_id":16,"metric":{"epoch":null,"metricName":"sys.gpu.0.free_memory","metricValue":8225275904,"step":null}},"type":"metric_msg"}
{"payload":{"local_timestamp":1730454863025,"message_id":17,"metric":{"epoch":null,"metricName":"sys.gpu.0.used_memory","metricValue":360464384,"step":null}},"type":"metric_msg"}
{"payload":{"local_timestamp":1730454863025,"message_id":18,"metric":{"epoch":null,"metricName":"sys.gpu.0.percent.used_memory","metricValue":4.198407730825599,"step":null}},"type":"metric_msg"}
{"payload":{"additional_params":{"assetId":"2ef959821bac4a8188d370efb7d0b3f2","context":null,"extension":"yaml","fileName":"coco_sportsball.yaml","overwrite":false,"runId":null,"step":null},"clean":true,"file_path":"tmpp_73tolh","local_timestamp":1730454863026,"message_id":19,"metadata":{"type":"data-config-file"},"upload_type":"asset"},"type":"file_upload"}
{"payload":{"local_timestamp":1730454863033,"message_id":20,"output":"Traceback (most recent call last):\n","stderr":true},"type":"standard_output"}
{"payload":{"local_timestamp":1730454863033,"message_id":21,"output":"  File \"C:\\Users\\lijia\\yolov5\\train.py\", line 988, in <module>\n","stderr":true},"type":"standard_output"}
{"payload":{"local_timestamp":1730454863034,"message_id":22,"output":"    ","stderr":true},"type":"standard_output"}
{"payload":{"local_timestamp":1730454863034,"message_id":23,"output":"main(opt)","stderr":true},"type":"standard_output"}
{"payload":{"local_timestamp":1730454863034,"message_id":24,"output":"\n","stderr":true},"type":"standard_output"}
{"payload":{"local_timestamp":1730454863034,"message_id":25,"output":"  File \"C:\\Users\\lijia\\yolov5\\train.py\", line 690, in main\n","stderr":true},"type":"standard_output"}
{"payload":{"local_timestamp":1730454863035,"message_id":26,"output":"    ","stderr":true},"type":"standard_output"}
{"payload":{"local_timestamp":1730454863035,"message_id":27,"output":"train(opt.hyp, opt, device, callbacks)","stderr":true},"type":"standard_output"}
{"payload":{"local_timestamp":1730454863035,"message_id":28,"output":"\n","stderr":true},"type":"standard_output"}
{"payload":{"local_timestamp":1730454863035,"message_id":29,"output":"  File \"C:\\Users\\lijia\\yolov5\\train.py\", line 182, in train\n","stderr":true},"type":"standard_output"}
{"payload":{"local_timestamp":1730454863036,"message_id":30,"output":"    ","stderr":true},"type":"standard_output"}
{"payload":{"local_timestamp":1730454863036,"message_id":31,"output":"loggers = Loggers(","stderr":true},"type":"standard_output"}
{"payload":{"local_timestamp":1730454863037,"message_id":32,"output":"\n","stderr":true},"type":"standard_output"}
{"payload":{"local_timestamp":1730454863037,"message_id":33,"output":" ","stderr":true},"type":"standard_output"}
{"payload":{"local_timestamp":1730454863037,"message_id":34,"output":" ","stderr":true},"type":"standard_output"}
{"payload":{"local_timestamp":1730454863037,"message_id":35,"output":" ","stderr":true},"type":"standard_output"}
{"payload":{"local_timestamp":1730454863037,"message_id":36,"output":" ","stderr":true},"type":"standard_output"}
{"payload":{"local_timestamp":1730454863037,"message_id":37,"output":" ","stderr":true},"type":"standard_output"}
{"payload":{"local_timestamp":1730454863037,"message_id":38,"output":" ","stderr":true},"type":"standard_output"}
{"payload":{"local_timestamp":1730454863037,"message_id":39,"output":" ","stderr":true},"type":"standard_output"}
{"payload":{"local_timestamp":1730454863037,"message_id":40,"output":" ","stderr":true},"type":"standard_output"}
{"payload":{"local_timestamp":1730454863037,"message_id":41,"output":" ","stderr":true},"type":"standard_output"}
{"payload":{"local_timestamp":1730454863037,"message_id":42,"output":" ","stderr":true},"type":"standard_output"}
{"payload":{"local_timestamp":1730454863037,"message_id":43,"output":" ","stderr":true},"type":"standard_output"}
{"payload":{"local_timestamp":1730454863037,"message_id":44,"output":" ","stderr":true},"type":"standard_output"}
{"payload":{"local_timestamp":1730454863037,"message_id":45,"output":" ","stderr":true},"type":"standard_output"}
{"payload":{"local_timestamp":1730454863037,"message_id":46,"output":" ","stderr":true},"type":"standard_output"}
{"payload":{"local_timestamp":1730454863037,"message_id":47,"output":"^","stderr":true},"type":"standard_output"}
{"payload":{"local_timestamp":1730454863037,"message_id":48,"output":"^","stderr":true},"type":"standard_output"}
{"payload":{"local_timestamp":1730454863037,"message_id":49,"output":"^","stderr":true},"type":"standard_output"}
{"payload":{"local_timestamp":1730454863037,"message_id":50,"output":"^","stderr":true},"type":"standard_output"}
{"payload":{"local_timestamp":1730454863037,"message_id":51,"output":"^","stderr":true},"type":"standard_output"}
{"payload":{"local_timestamp":1730454863037,"message_id":52,"output":"^","stderr":true},"type":"standard_output"}
{"payload":{"local_timestamp":1730454863037,"message_id":53,"output":"^","stderr":true},"type":"standard_output"}
{"payload":{"local_timestamp":1730454863037,"message_id":54,"output":"^","stderr":true},"type":"standard_output"}
{"payload":{"local_timestamp":1730454863037,"message_id":55,"output":"\n","stderr":true},"type":"standard_output"}
{"payload":{"local_timestamp":1730454863037,"message_id":56,"output":"  File \"C:\\Users\\lijia\\yolov5\\utils\\loggers\\__init__.py\", line 153, in __init__\n","stderr":true},"type":"standard_output"}
{"payload":{"local_timestamp":1730454863038,"message_id":57,"output":"    ","stderr":true},"type":"standard_output"}
{"payload":{"local_timestamp":1730454863038,"message_id":58,"output":"self.comet_logger = CometLogger(self.opt, self.hyp)","stderr":true},"type":"standard_output"}
{"payload":{"local_timestamp":1730454863038,"message_id":59,"output":"\n","stderr":true},"type":"standard_output"}
{"payload":{"local_timestamp":1730454863039,"message_id":60,"output":" ","stderr":true},"type":"standard_output"}
{"payload":{"local_timestamp":1730454863039,"message_id":61,"output":" ","stderr":true},"type":"standard_output"}
{"payload":{"local_timestamp":1730454863039,"message_id":62,"output":" ","stderr":true},"type":"standard_output"}
{"payload":{"local_timestamp":1730454863039,"message_id":63,"output":" ","stderr":true},"type":"standard_output"}
{"payload":{"local_timestamp":1730454863039,"message_id":64,"output":" ","stderr":true},"type":"standard_output"}
{"payload":{"local_timestamp":1730454863039,"message_id":65,"output":" ","stderr":true},"type":"standard_output"}
{"payload":{"local_timestamp":1730454863039,"message_id":66,"output":" ","stderr":true},"type":"standard_output"}
{"payload":{"local_timestamp":1730454863039,"message_id":67,"output":" ","stderr":true},"type":"standard_output"}
{"payload":{"local_timestamp":1730454863039,"message_id":68,"output":" ","stderr":true},"type":"standard_output"}
{"payload":{"local_timestamp":1730454863039,"message_id":69,"output":" ","stderr":true},"type":"standard_output"}
{"payload":{"local_timestamp":1730454863039,"message_id":70,"output":" ","stderr":true},"type":"standard_output"}
{"payload":{"local_timestamp":1730454863039,"message_id":71,"output":" ","stderr":true},"type":"standard_output"}
{"payload":{"local_timestamp":1730454863039,"message_id":72,"output":" ","stderr":true},"type":"standard_output"}
{"payload":{"local_timestamp":1730454863039,"message_id":73,"output":" ","stderr":true},"type":"standard_output"}
{"payload":{"local_timestamp":1730454863039,"message_id":74,"output":" ","stderr":true},"type":"standard_output"}
{"payload":{"local_timestamp":1730454863039,"message_id":75,"output":" ","stderr":true},"type":"standard_output"}
{"payload":{"local_timestamp":1730454863039,"message_id":76,"output":" ","stderr":true},"type":"standard_output"}
{"payload":{"local_timestamp":1730454863039,"message_id":77,"output":" ","stderr":true},"type":"standard_output"}
{"payload":{"local_timestamp":1730454863039,"message_id":78,"output":" ","stderr":true},"type":"standard_output"}
{"payload":{"local_timestamp":1730454863039,"message_id":79,"output":" ","stderr":true},"type":"standard_output"}
{"payload":{"local_timestamp":1730454863039,"message_id":80,"output":" ","stderr":true},"type":"standard_output"}
{"payload":{"local_timestamp":1730454863039,"message_id":81,"output":" ","stderr":true},"type":"standard_output"}
{"payload":{"local_timestamp":1730454863039,"message_id":82,"output":" ","stderr":true},"type":"standard_output"}
{"payload":{"local_timestamp":1730454863039,"message_id":83,"output":" ","stderr":true},"type":"standard_output"}
{"payload":{"local_timestamp":1730454863039,"message_id":84,"output":"^","stderr":true},"type":"standard_output"}
{"payload":{"local_timestamp":1730454863039,"message_id":85,"output":"^","stderr":true},"type":"standard_output"}
{"payload":{"local_timestamp":1730454863039,"message_id":86,"output":"^","stderr":true},"type":"standard_output"}
{"payload":{"local_timestamp":1730454863039,"message_id":87,"output":"^","stderr":true},"type":"standard_output"}
{"payload":{"local_timestamp":1730454863039,"message_id":88,"output":"^","stderr":true},"type":"standard_output"}
{"payload":{"local_timestamp":1730454863039,"message_id":89,"output":"^","stderr":true},"type":"standard_output"}
{"payload":{"local_timestamp":1730454863039,"message_id":90,"output":"^","stderr":true},"type":"standard_output"}
{"payload":{"local_timestamp":1730454863039,"message_id":91,"output":"^","stderr":true},"type":"standard_output"}
{"payload":{"local_timestamp":1730454863039,"message_id":92,"output":"^","stderr":true},"type":"standard_output"}
{"payload":{"local_timestamp":1730454863039,"message_id":93,"output":"^","stderr":true},"type":"standard_output"}
{"payload":{"local_timestamp":1730454863039,"message_id":94,"output":"^","stderr":true},"type":"standard_output"}
{"payload":{"local_timestamp":1730454863039,"message_id":95,"output":"^","stderr":true},"type":"standard_output"}
{"payload":{"local_timestamp":1730454863039,"message_id":96,"output":"^","stderr":true},"type":"standard_output"}
{"payload":{"local_timestamp":1730454863039,"message_id":97,"output":"^","stderr":true},"type":"standard_output"}
{"payload":{"local_timestamp":1730454863039,"message_id":98,"output":"^","stderr":true},"type":"standard_output"}
{"payload":{"local_timestamp":1730454863039,"message_id":99,"output":"^","stderr":true},"type":"standard_output"}
{"payload":{"local_timestamp":1730454863039,"message_id":100,"output":"^","stderr":true},"type":"standard_output"}
{"payload":{"local_timestamp":1730454863039,"message_id":101,"output":"^","stderr":true},"type":"standard_output"}
{"payload":{"local_timestamp":1730454863039,"message_id":102,"output":"^","stderr":true},"type":"standard_output"}
{"payload":{"local_timestamp":1730454863039,"message_id":103,"output":"^","stderr":true},"type":"standard_output"}
{"payload":{"local_timestamp":1730454863039,"message_id":104,"output":"^","stderr":true},"type":"standard_output"}
{"payload":{"local_timestamp":1730454863039,"message_id":105,"output":"^","stderr":true},"type":"standard_output"}
{"payload":{"local_timestamp":1730454863039,"message_id":106,"output":"^","stderr":true},"type":"standard_output"}
{"payload":{"local_timestamp":1730454863039,"message_id":107,"output":"^","stderr":true},"type":"standard_output"}
{"payload":{"local_timestamp":1730454863039,"message_id":108,"output":"^","stderr":true},"type":"standard_output"}
{"payload":{"local_timestamp":1730454863039,"message_id":109,"output":"^","stderr":true},"type":"standard_output"}
{"payload":{"local_timestamp":1730454863039,"message_id":110,"output":"^","stderr":true},"type":"standard_output"}
{"payload":{"local_timestamp":1730454863039,"message_id":111,"output":"^","stderr":true},"type":"standard_output"}
{"payload":{"local_timestamp":1730454863039,"message_id":112,"output":"^","stderr":true},"type":"standard_output"}
{"payload":{"local_timestamp":1730454863039,"message_id":113,"output":"^","stderr":true},"type":"standard_output"}
{"payload":{"local_timestamp":1730454863039,"message_id":114,"output":"^","stderr":true},"type":"standard_output"}
{"payload":{"local_timestamp":1730454863039,"message_id":115,"output":"\n","stderr":true},"type":"standard_output"}
{"payload":{"local_timestamp":1730454863039,"message_id":116,"output":"  File \"C:\\Users\\lijia\\yolov5\\utils\\loggers\\comet\\__init__.py\", line 102, in __init__\n","stderr":true},"type":"standard_output"}
{"payload":{"local_timestamp":1730454863040,"message_id":117,"output":"    ","stderr":true},"type":"standard_output"}
{"payload":{"local_timestamp":1730454863040,"message_id":118,"output":"self.data_dict = self.check_dataset(self.opt.data)","stderr":true},"type":"standard_output"}
{"payload":{"local_timestamp":1730454863041,"message_id":119,"output":"\n","stderr":true},"type":"standard_output"}
{"payload":{"local_timestamp":1730454863041,"message_id":120,"output":" ","stderr":true},"type":"standard_output"}
{"payload":{"local_timestamp":1730454863041,"message_id":121,"output":" ","stderr":true},"type":"standard_output"}
{"payload":{"local_timestamp":1730454863041,"message_id":122,"output":" ","stderr":true},"type":"standard_output"}
{"payload":{"local_timestamp":1730454863041,"message_id":123,"output":" ","stderr":true},"type":"standard_output"}
{"payload":{"local_timestamp":1730454863041,"message_id":124,"output":" ","stderr":true},"type":"standard_output"}
{"payload":{"local_timestamp":1730454863041,"message_id":125,"output":" ","stderr":true},"type":"standard_output"}
{"payload":{"local_timestamp":1730454863041,"message_id":126,"output":" ","stderr":true},"type":"standard_output"}
{"payload":{"local_timestamp":1730454863041,"message_id":127,"output":" ","stderr":true},"type":"standard_output"}
{"payload":{"local_timestamp":1730454863041,"message_id":128,"output":" ","stderr":true},"type":"standard_output"}
{"payload":{"local_timestamp":1730454863041,"message_id":129,"output":" ","stderr":true},"type":"standard_output"}
{"payload":{"local_timestamp":1730454863041,"message_id":130,"output":" ","stderr":true},"type":"standard_output"}
{"payload":{"local_timestamp":1730454863041,"message_id":131,"output":" ","stderr":true},"type":"standard_output"}
{"payload":{"local_timestamp":1730454863041,"message_id":132,"output":" ","stderr":true},"type":"standard_output"}
{"payload":{"local_timestamp":1730454863041,"message_id":133,"output":" ","stderr":true},"type":"standard_output"}
{"payload":{"local_timestamp":1730454863041,"message_id":134,"output":" ","stderr":true},"type":"standard_output"}
{"payload":{"local_timestamp":1730454863041,"message_id":135,"output":" ","stderr":true},"type":"standard_output"}
{"payload":{"local_timestamp":1730454863041,"message_id":136,"output":" ","stderr":true},"type":"standard_output"}
{"payload":{"local_timestamp":1730454863041,"message_id":137,"output":" ","stderr":true},"type":"standard_output"}
{"payload":{"local_timestamp":1730454863041,"message_id":138,"output":" ","stderr":true},"type":"standard_output"}
{"payload":{"local_timestamp":1730454863041,"message_id":139,"output":" ","stderr":true},"type":"standard_output"}
{"payload":{"local_timestamp":1730454863041,"message_id":140,"output":" ","stderr":true},"type":"standard_output"}
{"payload":{"local_timestamp":1730454863041,"message_id":141,"output":"^","stderr":true},"type":"standard_output"}
{"payload":{"local_timestamp":1730454863041,"message_id":142,"output":"^","stderr":true},"type":"standard_output"}
{"payload":{"local_timestamp":1730454863041,"message_id":143,"output":"^","stderr":true},"type":"standard_output"}
{"payload":{"local_timestamp":1730454863041,"message_id":144,"output":"^","stderr":true},"type":"standard_output"}
{"payload":{"local_timestamp":1730454863041,"message_id":145,"output":"^","stderr":true},"type":"standard_output"}
{"payload":{"local_timestamp":1730454863041,"message_id":146,"output":"^","stderr":true},"type":"standard_output"}
{"payload":{"local_timestamp":1730454863041,"message_id":147,"output":"^","stderr":true},"type":"standard_output"}
{"payload":{"local_timestamp":1730454863041,"message_id":148,"output":"^","stderr":true},"type":"standard_output"}
{"payload":{"local_timestamp":1730454863041,"message_id":149,"output":"^","stderr":true},"type":"standard_output"}
{"payload":{"local_timestamp":1730454863041,"message_id":150,"output":"^","stderr":true},"type":"standard_output"}
{"payload":{"local_timestamp":1730454863041,"message_id":151,"output":"^","stderr":true},"type":"standard_output"}
{"payload":{"local_timestamp":1730454863041,"message_id":152,"output":"^","stderr":true},"type":"standard_output"}
{"payload":{"local_timestamp":1730454863041,"message_id":153,"output":"^","stderr":true},"type":"standard_output"}
{"payload":{"local_timestamp":1730454863041,"message_id":154,"output":"^","stderr":true},"type":"standard_output"}
{"payload":{"local_timestamp":1730454863041,"message_id":155,"output":"^","stderr":true},"type":"standard_output"}
{"payload":{"local_timestamp":1730454863041,"message_id":156,"output":"^","stderr":true},"type":"standard_output"}
{"payload":{"local_timestamp":1730454863041,"message_id":157,"output":"^","stderr":true},"type":"standard_output"}
{"payload":{"local_timestamp":1730454863041,"message_id":158,"output":"^","stderr":true},"type":"standard_output"}
{"payload":{"local_timestamp":1730454863041,"message_id":159,"output":"^","stderr":true},"type":"standard_output"}
{"payload":{"local_timestamp":1730454863041,"message_id":160,"output":"^","stderr":true},"type":"standard_output"}
{"payload":{"local_timestamp":1730454863041,"message_id":161,"output":"^","stderr":true},"type":"standard_output"}
{"payload":{"local_timestamp":1730454863041,"message_id":162,"output":"^","stderr":true},"type":"standard_output"}
{"payload":{"local_timestamp":1730454863041,"message_id":163,"output":"^","stderr":true},"type":"standard_output"}
{"payload":{"local_timestamp":1730454863041,"message_id":164,"output":"^","stderr":true},"type":"standard_output"}
{"payload":{"local_timestamp":1730454863041,"message_id":165,"output":"^","stderr":true},"type":"standard_output"}
{"payload":{"local_timestamp":1730454863041,"message_id":166,"output":"^","stderr":true},"type":"standard_output"}
{"payload":{"local_timestamp":1730454863041,"message_id":167,"output":"^","stderr":true},"type":"standard_output"}
{"payload":{"local_timestamp":1730454863041,"message_id":168,"output":"^","stderr":true},"type":"standard_output"}
{"payload":{"local_timestamp":1730454863041,"message_id":169,"output":"^","stderr":true},"type":"standard_output"}
{"payload":{"local_timestamp":1730454863041,"message_id":170,"output":"^","stderr":true},"type":"standard_output"}
{"payload":{"local_timestamp":1730454863041,"message_id":171,"output":"^","stderr":true},"type":"standard_output"}
{"payload":{"local_timestamp":1730454863041,"message_id":172,"output":"^","stderr":true},"type":"standard_output"}
{"payload":{"local_timestamp":1730454863041,"message_id":173,"output":"^","stderr":true},"type":"standard_output"}
{"payload":{"local_timestamp":1730454863041,"message_id":174,"output":"\n","stderr":true},"type":"standard_output"}
{"payload":{"local_timestamp":1730454863042,"message_id":175,"output":"  File \"C:\\Users\\lijia\\yolov5\\utils\\loggers\\comet\\__init__.py\", line 260, in check_dataset\n","stderr":true},"type":"standard_output"}
{"payload":{"local_timestamp":1730454863042,"message_id":176,"output":"    ","stderr":true},"type":"standard_output"}
{"payload":{"local_timestamp":1730454863042,"message_id":177,"output":"return check_dataset(data_file)","stderr":true},"type":"standard_output"}
{"payload":{"local_timestamp":1730454863042,"message_id":178,"output":"\n","stderr":true},"type":"standard_output"}
{"payload":{"local_timestamp":1730454863042,"message_id":179,"output":" ","stderr":true},"type":"standard_output"}
{"payload":{"local_timestamp":1730454863042,"message_id":180,"output":" ","stderr":true},"type":"standard_output"}
{"payload":{"local_timestamp":1730454863042,"message_id":181,"output":" ","stderr":true},"type":"standard_output"}
{"payload":{"local_timestamp":1730454863042,"message_id":182,"output":" ","stderr":true},"type":"standard_output"}
{"payload":{"local_timestamp":1730454863042,"message_id":183,"output":" ","stderr":true},"type":"standard_output"}
{"payload":{"local_timestamp":1730454863042,"message_id":184,"output":" ","stderr":true},"type":"standard_output"}
{"payload":{"local_timestamp":1730454863042,"message_id":185,"output":" ","stderr":true},"type":"standard_output"}
{"payload":{"local_timestamp":1730454863042,"message_id":186,"output":" ","stderr":true},"type":"standard_output"}
{"payload":{"local_timestamp":1730454863042,"message_id":187,"output":" ","stderr":true},"type":"standard_output"}
{"payload":{"local_timestamp":1730454863042,"message_id":188,"output":" ","stderr":true},"type":"standard_output"}
{"payload":{"local_timestamp":1730454863042,"message_id":189,"output":" ","stderr":true},"type":"standard_output"}
{"payload":{"local_timestamp":1730454863042,"message_id":190,"output":"^","stderr":true},"type":"standard_output"}
{"payload":{"local_timestamp":1730454863042,"message_id":191,"output":"^","stderr":true},"type":"standard_output"}
{"payload":{"local_timestamp":1730454863042,"message_id":192,"output":"^","stderr":true},"type":"standard_output"}
{"payload":{"local_timestamp":1730454863042,"message_id":193,"output":"^","stderr":true},"type":"standard_output"}
{"payload":{"local_timestamp":1730454863042,"message_id":194,"output":"^","stderr":true},"type":"standard_output"}
{"payload":{"local_timestamp":1730454863042,"message_id":195,"output":"^","stderr":true},"type":"standard_output"}
{"payload":{"local_timestamp":1730454863042,"message_id":196,"output":"^","stderr":true},"type":"standard_output"}
{"payload":{"local_timestamp":1730454863042,"message_id":197,"output":"^","stderr":true},"type":"standard_output"}
{"payload":{"local_timestamp":1730454863042,"message_id":198,"output":"^","stderr":true},"type":"standard_output"}
{"payload":{"local_timestamp":1730454863042,"message_id":199,"output":"^","stderr":true},"type":"standard_output"}
{"payload":{"local_timestamp":1730454863042,"message_id":200,"output":"^","stderr":true},"type":"standard_output"}
{"payload":{"local_timestamp":1730454863042,"message_id":201,"output":"^","stderr":true},"type":"standard_output"}
{"payload":{"local_timestamp":1730454863042,"message_id":202,"output":"^","stderr":true},"type":"standard_output"}
{"payload":{"local_timestamp":1730454863042,"message_id":203,"output":"^","stderr":true},"type":"standard_output"}
{"payload":{"local_timestamp":1730454863042,"message_id":204,"output":"^","stderr":true},"type":"standard_output"}
{"payload":{"local_timestamp":1730454863042,"message_id":205,"output":"^","stderr":true},"type":"standard_output"}
{"payload":{"local_timestamp":1730454863042,"message_id":206,"output":"^","stderr":true},"type":"standard_output"}
{"payload":{"local_timestamp":1730454863043,"message_id":207,"output":"^","stderr":true},"type":"standard_output"}
{"payload":{"local_timestamp":1730454863043,"message_id":208,"output":"^","stderr":true},"type":"standard_output"}
{"payload":{"local_timestamp":1730454863043,"message_id":209,"output":"^","stderr":true},"type":"standard_output"}
{"payload":{"local_timestamp":1730454863043,"message_id":210,"output":"^","stderr":true},"type":"standard_output"}
{"payload":{"local_timestamp":1730454863043,"message_id":211,"output":"^","stderr":true},"type":"standard_output"}
{"payload":{"local_timestamp":1730454863043,"message_id":212,"output":"^","stderr":true},"type":"standard_output"}
{"payload":{"local_timestamp":1730454863043,"message_id":213,"output":"^","stderr":true},"type":"standard_output"}
{"payload":{"local_timestamp":1730454863043,"message_id":214,"output":"\n","stderr":true},"type":"standard_output"}
{"payload":{"local_timestamp":1730454863043,"message_id":215,"output":"  File \"C:\\Users\\lijia\\yolov5\\utils\\general.py\", line 537, in check_dataset\n","stderr":true},"type":"standard_output"}
{"payload":{"local_timestamp":1730454863044,"message_id":216,"output":"    ","stderr":true},"type":"standard_output"}
{"payload":{"local_timestamp":1730454863044,"message_id":217,"output":"assert k in data, emojis(f\"data.yaml '{k}:' field missing \u274c\")","stderr":true},"type":"standard_output"}
{"payload":{"local_timestamp":1730454863045,"message_id":218,"output":"\n","stderr":true},"type":"standard_output"}
{"payload":{"local_timestamp":1730454863045,"message_id":219,"output":" ","stderr":true},"type":"standard_output"}
{"payload":{"local_timestamp":1730454863045,"message_id":220,"output":" ","stderr":true},"type":"standard_output"}
{"payload":{"local_timestamp":1730454863045,"message_id":221,"output":" ","stderr":true},"type":"standard_output"}
{"payload":{"local_timestamp":1730454863045,"message_id":222,"output":" ","stderr":true},"type":"standard_output"}
{"payload":{"local_timestamp":1730454863045,"message_id":223,"output":" ","stderr":true},"type":"standard_output"}
{"payload":{"local_timestamp":1730454863045,"message_id":224,"output":" ","stderr":true},"type":"standard_output"}
{"payload":{"local_timestamp":1730454863045,"message_id":225,"output":" ","stderr":true},"type":"standard_output"}
{"payload":{"local_timestamp":1730454863045,"message_id":226,"output":" ","stderr":true},"type":"standard_output"}
{"payload":{"local_timestamp":1730454863045,"message_id":227,"output":" ","stderr":true},"type":"standard_output"}
{"payload":{"local_timestamp":1730454863045,"message_id":228,"output":" ","stderr":true},"type":"standard_output"}
{"payload":{"local_timestamp":1730454863045,"message_id":229,"output":" ","stderr":true},"type":"standard_output"}
{"payload":{"local_timestamp":1730454863045,"message_id":230,"output":"^","stderr":true},"type":"standard_output"}
{"payload":{"local_timestamp":1730454863045,"message_id":231,"output":"^","stderr":true},"type":"standard_output"}
{"payload":{"local_timestamp":1730454863045,"message_id":232,"output":"^","stderr":true},"type":"standard_output"}
{"payload":{"local_timestamp":1730454863045,"message_id":233,"output":"^","stderr":true},"type":"standard_output"}
{"payload":{"local_timestamp":1730454863045,"message_id":234,"output":"^","stderr":true},"type":"standard_output"}
{"payload":{"local_timestamp":1730454863045,"message_id":235,"output":"^","stderr":true},"type":"standard_output"}
{"payload":{"local_timestamp":1730454863045,"message_id":236,"output":"^","stderr":true},"type":"standard_output"}
{"payload":{"local_timestamp":1730454863045,"message_id":237,"output":"^","stderr":true},"type":"standard_output"}
{"payload":{"local_timestamp":1730454863045,"message_id":238,"output":"^","stderr":true},"type":"standard_output"}
{"payload":{"local_timestamp":1730454863046,"message_id":239,"output":"\n","stderr":true},"type":"standard_output"}
{"payload":{"local_timestamp":1730454863046,"message_id":240,"output":"AssertionError","stderr":true},"type":"standard_output"}
{"payload":{"local_timestamp":1730454863046,"message_id":241,"output":": ","stderr":true},"type":"standard_output"}
{"payload":{"local_timestamp":1730454863046,"message_id":242,"output":"data.yaml 'names:' field missing ","stderr":true},"type":"standard_output"}
{"payload":{"local_timestamp":1730454863046,"message_id":243,"output":"\n","stderr":true},"type":"standard_output"}
{"payload":{"local_timestamp":1730454863046,"message_id":244,"output":"\u001b[1;38;5;39mCOMET INFO:\u001b[0m The process of logging environment details (conda environment, git patch) is underway. Please be patient as this may take some time.\n","stderr":true},"type":"standard_output"}
{"payload":{"local_timestamp":1730454863305,"message_id":245,"metric":{"epoch":null,"metricName":"sys.cpu.percent.avg","metricValue":1.768181818181818,"step":null}},"type":"metric_msg"}
{"payload":{"local_timestamp":1730454863305,"message_id":246,"metric":{"epoch":null,"metricName":"sys.ram.total","metricValue":33736093696,"step":null}},"type":"metric_msg"}
{"payload":{"local_timestamp":1730454863305,"message_id":247,"metric":{"epoch":null,"metricName":"sys.ram.used","metricValue":30458970112,"step":null}},"type":"metric_msg"}
{"payload":{"local_timestamp":1730454863305,"message_id":248,"metric":{"epoch":null,"metricName":"sys.ram.available","metricValue":3277123584,"step":null}},"type":"metric_msg"}
{"payload":{"local_timestamp":1730454863305,"message_id":249,"metric":{"epoch":null,"metricName":"sys.ram.percent.used","metricValue":90.3,"step":null}},"type":"metric_msg"}
{"payload":{"local_timestamp":1730454863305,"message_id":250,"metric":{"epoch":null,"metricName":"sys.load.avg","metricValue":0.0,"step":null}},"type":"metric_msg"}
{"payload":{"git_metadata":{"branch":"refs/heads/main","origin":"git@github.com:jliip/yolov5_tennisRobot.git","parent":"ca4275e55f485dbc9fdb18af5e9570d1b16ef85c","repo_name":"yolov5_tennisRobot","root":"1e84a23f38fad9e52b59101e9f1246d93066ed1e","status":null,"user":"jliip"},"message_id":251},"type":"git_metadata"}
{"payload":{"additional_params":{"assetId":"a26a8ba00c30430298277103a28a94c2","context":null,"epoch":null,"extension":"yml","fileName":"conda-environment.yml","overwrite":false,"runId":null,"step":null,"type":"conda-environment-definition"},"clean":true,"file_path":"tmpyr8et0sq","local_timestamp":1730454867095,"message_id":252,"metadata":{},"upload_type":"conda-environment-definition"},"type":"file_upload"}
{"payload":{"additional_params":{"assetId":"46c9057e2adf4d41b8a913c74e0f099d","context":null,"epoch":null,"extension":"txt","fileName":"conda-spec.txt","overwrite":false,"runId":null,"step":null,"type":"conda-specification"},"clean":true,"file_path":"tmpzqpx_3mb","local_timestamp":1730454868560,"message_id":253,"metadata":{},"upload_type":"conda-specification"},"type":"file_upload"}
{"payload":{"additional_params":{"assetId":"4de5d0da40e5499587ca0bac40c46397","context":null,"epoch":null,"extension":"yml","fileName":"conda-info.yml","overwrite":false,"runId":null,"step":null,"type":"conda-info"},"clean":true,"file_path":"tmputxfa0pz","local_timestamp":1730454870322,"message_id":254,"metadata":{},"upload_type":"conda-info"},"type":"file_upload"}
{"payload":{"local_timestamp":1730454870321,"message_id":255,"output":"\u001b[1;38;5;39mCOMET INFO:\u001b[0m ---------------------------------------------------------------------------------------\n","stderr":true},"type":"standard_output"}
{"payload":{"local_timestamp":1730454870322,"message_id":256,"output":"\u001b[1;38;5;39mCOMET INFO:\u001b[0m Comet.ml OfflineExperiment Summary\n","stderr":true},"type":"standard_output"}
{"payload":{"local_timestamp":1730454870322,"message_id":257,"output":"\u001b[1;38;5;39mCOMET INFO:\u001b[0m ---------------------------------------------------------------------------------------\n","stderr":true},"type":"standard_output"}
{"payload":{"local_timestamp":1730454870322,"message_id":258,"output":"\u001b[1;38;5;39mCOMET INFO:\u001b[0m   Data:\n","stderr":true},"type":"standard_output"}
{"payload":{"local_timestamp":1730454870323,"message_id":259,"output":"\u001b[1;38;5;39mCOMET INFO:\u001b[0m     display_summary_level : 1\n","stderr":true},"type":"standard_output"}
{"payload":{"local_timestamp":1730454870323,"message_id":260,"output":"\u001b[1;38;5;39mCOMET INFO:\u001b[0m     name                  : exp\n","stderr":true},"type":"standard_output"}
{"payload":{"local_timestamp":1730454870323,"message_id":261,"output":"\u001b[1;38;5;39mCOMET INFO:\u001b[0m     url                   : [OfflineExperiment will get URL after upload]\n","stderr":true},"type":"standard_output"}
{"payload":{"local_timestamp":1730454870323,"message_id":262,"output":"\u001b[1;38;5;39mCOMET INFO:\u001b[0m   Others:\n","stderr":true},"type":"standard_output"}
{"payload":{"local_timestamp":1730454870323,"message_id":263,"output":"\u001b[1;38;5;39mCOMET INFO:\u001b[0m     Name               : exp\n","stderr":true},"type":"standard_output"}
{"payload":{"local_timestamp":1730454870323,"message_id":264,"output":"\u001b[1;38;5;39mCOMET INFO:\u001b[0m     offline_experiment : True\n","stderr":true},"type":"standard_output"}
{"payload":{"local_timestamp":1730454870323,"message_id":265,"output":"\u001b[1;38;5;39mCOMET INFO:\u001b[0m   Uploads:\n","stderr":true},"type":"standard_output"}
{"payload":{"local_timestamp":1730454870324,"message_id":266,"output":"\u001b[1;38;5;39mCOMET INFO:\u001b[0m     asset                        : 1 (1.60 KB)\n","stderr":true},"type":"standard_output"}
{"payload":{"local_timestamp":1730454870324,"message_id":267,"output":"\u001b[1;38;5;39mCOMET INFO:\u001b[0m     conda-environment-definition : 1\n","stderr":true},"type":"standard_output"}
{"payload":{"local_timestamp":1730454870324,"message_id":268,"output":"\u001b[1;38;5;39mCOMET INFO:\u001b[0m     conda-info                   : 1\n","stderr":true},"type":"standard_output"}
{"payload":{"local_timestamp":1730454870324,"message_id":269,"output":"\u001b[1;38;5;39mCOMET INFO:\u001b[0m     conda-specification          : 1\n","stderr":true},"type":"standard_output"}
{"payload":{"local_timestamp":1730454870324,"message_id":270,"output":"\u001b[1;38;5;39mCOMET INFO:\u001b[0m     environment details          : 1\n","stderr":true},"type":"standard_output"}
{"payload":{"local_timestamp":1730454870325,"message_id":271,"output":"\u001b[1;38;5;39mCOMET INFO:\u001b[0m     git metadata                 : 1\n","stderr":true},"type":"standard_output"}
{"payload":{"local_timestamp":1730454870325,"message_id":272,"output":"\u001b[1;38;5;39mCOMET INFO:\u001b[0m     installed packages           : 1\n","stderr":true},"type":"standard_output"}
{"payload":{"local_timestamp":1730454870325,"message_id":273,"output":"\u001b[1;38;5;39mCOMET INFO:\u001b[0m \n","stderr":true},"type":"standard_output"}
{"payload":{"local_timestamp":1730454870325,"message_id":274,"output":"\u001b[1;38;5;214mCOMET WARNING:\u001b[0m To get all data logged automatically, import comet_ml before the following modules: tensorboard, torch.\n","stderr":true},"type":"standard_output"}
{"payload":{"key":"sys.already_imported_modules","message_id":275,"value":"[\"tensorboard\", \"torch\"]"},"type":"log_other"}
