{"offline_id": "64d6787084b54d0da5af978354897f27", "project_name": "yolov5", "start_time": 1730397578165, "stop_time": 1730397595627, "tags": [], "workspace": null, "resume_strategy": "create", "customer_error_reported": true, "customer_error_message": "Unexpected error detected in the user script: UnicodeDecodeError('gbk', b\"# dataset.yaml\\r\\ntrain: extracted_data/images/extracted_sports_ball  # \\xe8\\xae\\xad\\xe7\\xbb\\x83\\xe5\\x9b\\xbe\\xe7\\x89\\x87\\xe8\\xb7\\xaf\\xe5\\xbe\\x84\\r\\nval: extracted_data/images/extracted_val2017_sports_ball # \\xe9\\xaa\\x8c\\xe8\\xaf\\x81\\xe5\\x9b\\xbe\\xe7\\x89\\x87\\xe8\\xb7\\xaf\\xe5\\xbe\\x84\\r\\n\\r\\n# \\xe5\\x8f\\xaf\\xe4\\xbb\\xa5\\xe6\\xa0\\xb9\\xe6\\x8d\\xae\\xe9\\x9c\\x80\\xe8\\xa6\\x81\\xe8\\xb0\\x83\\xe6\\x95\\xb4\\xe7\\xb1\\xbb\\xe5\\x88\\xab\\xe5\\x90\\x8d\\xe7\\xa7\\xb0\\r\\nnc: 1  # \\xe7\\xb1\\xbb\\xe5\\x88\\xab\\xe6\\x95\\xb0\\xe9\\x87\\x8f\\r\\nnames: ['sports ball']  # \\xe7\\xb1\\xbb\\xe5\\x88\\xab\\xe5\\x90\\x8d\\xe7\\xa7\\xb0\", 72, 73, 'illegal multibyte sequence')", "user_provided_experiment_key": false, "comet_start_sourced": false}