{"offline_id": "2549a9139bf0477eafc5ce589879009d", "project_name": "yolov5", "start_time": 1730729886656, "stop_time": 1730729904181, "tags": [], "workspace": null, "resume_strategy": "create", "customer_error_reported": true, "customer_error_message": "Unexpected error detected in the user script: UnicodeDecodeError('gbk', b'# Ultralytics YOLOv5 \\xf0\\x9f\\x9a\\x80, AGPL-3.0 license\\r\\n# train: ./data/train/images\\r\\n# Parameters\\r\\nnc: 1 # number of classes\\r\\ntrain: extracted_data/images/extracted_sports_ball  # \\xe8\\xae\\xad\\xe7\\xbb\\x83\\xe5\\x9b\\xbe\\xe7\\x89\\x87\\xe8\\xb7\\xaf\\xe5\\xbe\\x84\\r\\nval: extracted_data/images/extracted_val2017_sports_ball # \\xe9\\xaa\\x8c\\xe8\\xaf\\x81\\xe5\\x9b\\xbe\\xe7\\x89\\x87\\xe8\\xb7\\xaf\\xe5\\xbe\\x84\\r\\ndepth_multiple: 0.33 # model depth multiple\\r\\nwidth_multiple: 0.50 # layer channel multiple\\r\\nanchors:\\r\\n  - [10, 13, 16, 30, 33, 23] # P3/8\\r\\n  - [30, 61, 62, 45, 59, 119] # P4/16\\r\\n  - [116, 90, 156, 198, 373, 326] # P5/32\\r\\n# YOLOv5 v6.0 backbone\\r\\nbackbone:\\r\\n  # [from, number, module, args]\\r\\n  [\\r\\n    [-1, 1, Conv, [64, 6, 2, 2]], # 0-P1/2\\r\\n    [-1, 1, Conv, [128, 3, 2]], # 1-P2/4\\r\\n    [-1, 3, C3, [128]],\\r\\n    [-1, 1, Conv, [256, 3, 2]], # 3-P3/8\\r\\n    [-1, 6, C3, [256]],\\r\\n    [-1, 1, Conv, [512, 3, 2]], # 5-P4/16\\r\\n    [-1, 9, C3, [512]],\\r\\n    [-1, 1, Conv, [1024, 3, 2]], # 7-P5/32\\r\\n    [-1, 3, C3, [1024]],\\r\\n    [-1, 1, SPPF, [1024, 5]], # 9\\r\\n  ]\\r\\n# YOLOv5 v6.0 head\\r\\nhead: [\\r\\n    [-1, 1, Conv, [512, 1, 1]],\\r\\n    [-1, 1, nn.Upsample, [None, 2, \"nearest\"]],\\r\\n    [[-1, 6], 1, Concat, [1]], # cat backbone P4\\r\\n    [-1, 3, C3, [512, False]], # 13\\r\\n\\r\\n    [-1, 1, Conv, [256, 1, 1]],\\r\\n    [-1, 1, nn.Upsample, [None, 2, \"nearest\"]],\\r\\n    [[-1, 4], 1, Concat, [1]], # cat backbone P3\\r\\n    [-1, 3, C3, [256, False]], # 17 (P3/8-small)\\r\\n\\r\\n    [-1, 1, Conv, [256, 3, 2]],\\r\\n    [[-1, 14], 1, Concat, [1]], # cat head P4\\r\\n    [-1, 3, C3, [512, False]], # 20 (P4/16-medium)\\r\\n\\r\\n    [-1, 1, Conv, [512, 3, 2]],\\r\\n    [[-1, 10], 1, Concat, [1]], # cat head P5\\r\\n    [-1, 3, C3, [1024, False]], # 23 (P5/32-large)\\r\\n\\r\\n    [[17, 20, 23], 1, Detect, [nc, anchors]], # Detect(P3, P4, P5)\\r\\n  ]', 172, 173, 'illegal multibyte sequence')", "user_provided_experiment_key": false, "comet_start_sourced": false}